"apt_unit_id","NAME","net_area","number_of_units","MONTH","kb_price_mid"
"11947","역삼 아이파크 2차","59.94","9","2005.10","45500"
"11947","역삼 아이파크 2차","59.94","9","2005.11","47000"
"11947","역삼 아이파크 2차","59.94","9","2005.12","47500"
"11947","역삼 아이파크 2차","59.94","9","2006.01","47500"
"11947","역삼 아이파크 2차","59.94","9","2006.02","48000"
"11947","역삼 아이파크 2차","59.94","9","2006.03","50500"
"11947","역삼 아이파크 2차","59.94","9","2006.04","52000"
"11947","역삼 아이파크 2차","59.94","9","2006.05","53000"
"11947","역삼 아이파크 2차","59.94","9","2006.06","54000"
"11947","역삼 아이파크 2차","59.94","9","2006.07","54000"
"11947","역삼 아이파크 2차","59.94","9","2006.08","54000"
"11947","역삼 아이파크 2차","59.94","9","2006.09","54000"
"11947","역삼 아이파크 2차","59.94","9","2006.10","55000"
"11947","역삼 아이파크 2차","59.94","9","2006.11","56500"
"11947","역삼 아이파크 2차","59.94","9","2006.12","56500"
"11947","역삼 아이파크 2차","59.94","9","2007.01","58000"
"11947","역삼 아이파크 2차","59.94","9","2007.02","58000"
"11947","역삼 아이파크 2차","59.94","9","2007.03","58000"
"11947","역삼 아이파크 2차","59.94","9","2007.04","58000"
"11947","역삼 아이파크 2차","59.94","9","2007.05","58000"
"11947","역삼 아이파크 2차","59.94","9","2007.06","58000"
"11947","역삼 아이파크 2차","59.94","9","2007.07","59000"
"11947","역삼 아이파크 2차","59.94","9","2007.08","59000"
"11947","역삼 아이파크 2차","59.94","9","2007.09","59000"
"11947","역삼 아이파크 2차","59.94","9","2007.10","59000"
"11947","역삼 아이파크 2차","59.94","9","2007.11","59000"
"11947","역삼 아이파크 2차","59.94","9","2007.12","59000"
"11947","역삼 아이파크 2차","59.94","9","2008.01","59000"
"11947","역삼 아이파크 2차","59.94","9","2008.02","59000"
"11947","역삼 아이파크 2차","59.94","9","2008.03","59000"
"11947","역삼 아이파크 2차","59.94","9","2008.04","59000"
"11947","역삼 아이파크 2차","59.94","9","2008.05","59000"
"11947","역삼 아이파크 2차","59.94","9","2008.06","59000"
"11947","역삼 아이파크 2차","59.94","9","2008.07","58500"
"11947","역삼 아이파크 2차","59.94","9","2008.08","58250"
"11947","역삼 아이파크 2차","59.94","9","2008.09","58250"
"11947","역삼 아이파크 2차","59.94","9","2008.10","56000"
"11947","역삼 아이파크 2차","59.94","9","2008.11","54500"
"11947","역삼 아이파크 2차","59.94","9","2008.12","51000"
"11947","역삼 아이파크 2차","59.94","9","2009.01","51000"
"11947","역삼 아이파크 2차","59.94","9","2009.02","51000"
"11947","역삼 아이파크 2차","59.94","9","2009.03","51000"
"11947","역삼 아이파크 2차","59.94","9","2009.04","51500"
"11947","역삼 아이파크 2차","59.94","9","2009.05","52000"
"11947","역삼 아이파크 2차","59.94","9","2009.06","52000"
"11947","역삼 아이파크 2차","59.94","9","2009.07","52000"
"11947","역삼 아이파크 2차","59.94","9","2009.08","52500"
"11947","역삼 아이파크 2차","59.94","9","2009.09","52500"
"11947","역삼 아이파크 2차","59.94","9","2009.10","52500"
"11947","역삼 아이파크 2차","59.94","9","2009.11","52500"
"11947","역삼 아이파크 2차","59.94","9","2009.12","52500"
"11947","역삼 아이파크 2차","59.94","9","2010.01","52500"
"11947","역삼 아이파크 2차","59.94","9","2010.02","52500"
"11947","역삼 아이파크 2차","59.94","9","2010.03","53500"
"11947","역삼 아이파크 2차","59.94","9","2010.04","53500"
"11947","역삼 아이파크 2차","59.94","9","2010.05","55500"
"11947","역삼 아이파크 2차","59.94","9","2010.06","55500"
"11947","역삼 아이파크 2차","59.94","9","2010.07","55000"
"11947","역삼 아이파크 2차","59.94","9","2010.08","54500"
"11947","역삼 아이파크 2차","59.94","9","2010.09","54500"
"11947","역삼 아이파크 2차","59.94","9","2010.10","54500"
"11947","역삼 아이파크 2차","59.94","9","2010.11","54500"
"11947","역삼 아이파크 2차","59.94","9","2010.12","54500"
"11947","역삼 아이파크 2차","59.94","9","2011.01","54500"
"11947","역삼 아이파크 2차","59.94","9","2011.02","56000"
"11947","역삼 아이파크 2차","59.94","9","2011.03","56000"
"11947","역삼 아이파크 2차","59.94","9","2011.04","61000"
"11947","역삼 아이파크 2차","59.94","9","2011.05","61000"
"11947","역삼 아이파크 2차","59.94","9","2011.06","61500"
"11947","역삼 아이파크 2차","59.94","9","2011.07","61500"
"11947","역삼 아이파크 2차","59.94","9","2011.08","61500"
"11947","역삼 아이파크 2차","59.94","9","2011.09","61500"
"11947","역삼 아이파크 2차","59.94","9","2011.10","61500"
"11947","역삼 아이파크 2차","59.94","9","2011.11","61500"
"11947","역삼 아이파크 2차","59.94","9","2011.12","61500"
"11947","역삼 아이파크 2차","59.94","9","2012.01","61500"
"11947","역삼 아이파크 2차","59.94","9","2012.02","61500"
"11947","역삼 아이파크 2차","59.94","9","2012.03","61500"
"11947","역삼 아이파크 2차","59.94","9","2012.04","61500"
"11947","역삼 아이파크 2차","59.94","9","2012.05","61500"
"11947","역삼 아이파크 2차","59.94","9","2012.06","61500"
"11947","역삼 아이파크 2차","59.94","9","2012.07","61500"
"11947","역삼 아이파크 2차","59.94","9","2012.08","61500"
"11947","역삼 아이파크 2차","59.94","9","2012.09","61500"
"11947","역삼 아이파크 2차","59.94","9","2012.10","61500"
"11947","역삼 아이파크 2차","59.94","9","2012.11","61500"
"11947","역삼 아이파크 2차","59.94","9","2012.12","61500"
"11947","역삼 아이파크 2차","59.94","9","2013.01","61500"
"11947","역삼 아이파크 2차","59.94","9","2013.02","61500"
"11947","역삼 아이파크 2차","59.94","9","2013.03","61500"
"11947","역삼 아이파크 2차","59.94","9","2013.04","61500"
"11947","역삼 아이파크 2차","59.94","9","2013.05","61500"
"11947","역삼 아이파크 2차","59.94","9","2013.06","61500"
"11947","역삼 아이파크 2차","59.94","9","2013.07","61500"
"11947","역삼 아이파크 2차","59.94","9","2013.08","61500"
"11947","역삼 아이파크 2차","59.94","9","2013.09","61500"
"11947","역삼 아이파크 2차","59.94","9","2013.10","61500"
"11947","역삼 아이파크 2차","59.94","9","2013.11","61500"
"11947","역삼 아이파크 2차","59.94","9","2013.12","61500"
"11947","역삼 아이파크 2차","59.94","9","2014.01","61500"
"11947","역삼 아이파크 2차","59.94","9","2014.02","61500"
"11947","역삼 아이파크 2차","59.94","9","2014.03","61500"
"11947","역삼 아이파크 2차","59.94","9","2014.04","61500"
"11947","역삼 아이파크 2차","59.94","9","2014.05","61500"
"11947","역삼 아이파크 2차","59.94","9","2014.06","61500"
"11947","역삼 아이파크 2차","59.94","9","2014.07","62500"
"11947","역삼 아이파크 2차","59.94","9","2014.08","63000"
"11947","역삼 아이파크 2차","59.94","9","2014.09","63500"
"11947","역삼 아이파크 2차","59.94","9","2014.10","63500"
"11947","역삼 아이파크 2차","59.94","9","2014.11","65500"
"11947","역삼 아이파크 2차","59.94","9","2014.12","67000"
"11947","역삼 아이파크 2차","59.94","9","2015.01","67000"
"11947","역삼 아이파크 2차","59.94","9","2015.02","67000"
"11947","역삼 아이파크 2차","59.94","9","2015.03","67000"
"11947","역삼 아이파크 2차","59.94","9","2015.04","67000"
"11947","역삼 아이파크 2차","59.94","9","2015.05","67000"
"11947","역삼 아이파크 2차","59.94","9","2015.06","68000"
"11947","역삼 아이파크 2차","59.94","9","2015.07","70000"
"11947","역삼 아이파크 2차","59.94","9","2015.08","71000"
"11947","역삼 아이파크 2차","59.94","9","2015.09","71000"
"11947","역삼 아이파크 2차","59.94","9","2015.10","71000"
"11947","역삼 아이파크 2차","59.94","9","2015.11","71000"
"11947","역삼 아이파크 2차","59.94","9","2015.12","71000"
"11947","역삼 아이파크 2차","59.94","9","2016.01","71000"
"11947","역삼 아이파크 2차","59.94","9","2016.02","71000"
"11947","역삼 아이파크 2차","59.94","9","2016.03","71000"
"11947","역삼 아이파크 2차","59.94","9","2016.04","72000"
"11947","역삼 아이파크 2차","59.94","9","2016.05","72000"
"11947","역삼 아이파크 2차","59.94","9","2016.06","72000"
"11947","역삼 아이파크 2차","59.94","9","2016.07","73500"
"11947","역삼 아이파크 2차","59.94","9","2016.08","75500"
"11947","역삼 아이파크 2차","59.94","9","2016.09","77500"
"11947","역삼 아이파크 2차","59.94","9","2016.10","78000"
"11947","역삼 아이파크 2차","59.94","9","2016.11","78500"
"11947","역삼 아이파크 2차","59.94","9","2016.12","78500"
"11947","역삼 아이파크 2차","59.94","9","2017.01","80500"
"11947","역삼 아이파크 2차","59.94","9","2017.02","80500"
"11947","역삼 아이파크 2차","59.94","9","2017.03","80500"
"11947","역삼 아이파크 2차","59.94","9","2017.04","81000"
"11947","역삼 아이파크 2차","59.94","9","2017.05","83500"
"11947","역삼 아이파크 2차","59.94","9","2017.06","83500"
"11947","역삼 아이파크 2차","59.94","9","2017.07","88500"
"11947","역삼 아이파크 2차","59.94","9","2017.08","89500"
"11947","역삼 아이파크 2차","59.94","9","2017.09","89500"
"11947","역삼 아이파크 2차","59.94","9","2017.10","91000"
"11947","역삼 아이파크 2차","59.94","9","2017.11","96000"
"11947","역삼 아이파크 2차","59.94","9","2017.12","100000"
"11947","역삼 아이파크 2차","59.94","9","2018.01","107500"
"11947","역삼 아이파크 2차","59.94","9","2018.02","112500"
"11947","역삼 아이파크 2차","59.94","9","2018.03","117500"
"11947","역삼 아이파크 2차","59.94","9","2018.04","122500"
"11947","역삼 아이파크 2차","59.94","9","2018.05","122500"
"11947","역삼 아이파크 2차","59.94","9","2018.06","122500"
"11947","역삼 아이파크 2차","59.94","9","2018.07","122500"
"11947","역삼 아이파크 2차","59.94","9","2018.08","125000"
"11947","역삼 아이파크 2차","59.94","9","2018.09","125000"
"11947","역삼 아이파크 2차","59.94","9","2018.10","125000"
"11947","역삼 아이파크 2차","59.94","9","2018.11","125000"
"11947","역삼 아이파크 2차","59.94","9","2018.12","125000"
"11947","역삼 아이파크 2차","59.94","9","2019.01","129000"
"11947","역삼 아이파크 2차","59.94","9","2019.02","129000"
"11947","역삼 아이파크 2차","59.94","9","2019.03","129000"
"11947","역삼 아이파크 2차","59.94","9","2019.04","127500"
"11947","역삼 아이파크 2차","59.94","9","2019.05","126000"
"11947","역삼 아이파크 2차","59.94","9","2019.06","127500"
"11947","역삼 아이파크 2차","59.94","9","2019.07","127500"
"11947","역삼 아이파크 2차","59.94","9","2019.08","129000"
"11947","역삼 아이파크 2차","59.94","9","2019.09","139000"
"11947","역삼 아이파크 2차","59.94","9","2019.10","140000"
"11947","역삼 아이파크 2차","59.94","9","2019.11","146500"
"11947","역삼 아이파크 2차","59.94","9","2019.12","146500"
"11947","역삼 아이파크 2차","59.94","9","2020.01","146500"
"11947","역삼 아이파크 2차","59.94","9","2020.02","146500"
"11947","역삼 아이파크 2차","59.94","9","2020.03","145500"
"11947","역삼 아이파크 2차","59.94","9","2020.04","145500"
"11947","역삼 아이파크 2차","59.94","9","2020.05","145500"
"11947","역삼 아이파크 2차","59.94","9","2020.06","146500"
"11947","역삼 아이파크 2차","59.94","9","2020.07","160000"
"11947","역삼 아이파크 2차","59.94","9","2020.08","160000"
"11947","역삼 아이파크 2차","59.94","9","2020.09","160000"
"11947","역삼 아이파크 2차","59.94","9","2020.10","160000"
"11947","역삼 아이파크 2차","59.94","9","2020.11","160000"
"11947","역삼 아이파크 2차","59.94","9","2020.12","165000"
"11947","역삼 아이파크 2차","59.94","9","2021.01","165000"
"11960","역삼디오슈페리움","51.21","20","2010.02","33000"
"11960","역삼디오슈페리움","51.21","20","2010.03","33000"
"11960","역삼디오슈페리움","51.21","20","2010.04","33000"
"11960","역삼디오슈페리움","51.21","20","2010.05","33000"
"11960","역삼디오슈페리움","51.21","20","2010.06","33000"
"11960","역삼디오슈페리움","51.21","20","2010.07","33000"
"11960","역삼디오슈페리움","51.21","20","2010.08","33000"
"11960","역삼디오슈페리움","51.21","20","2010.09","33000"
"11960","역삼디오슈페리움","51.21","20","2010.10","33000"
"11960","역삼디오슈페리움","51.21","20","2010.11","33000"
"11960","역삼디오슈페리움","51.21","20","2010.12","33000"
"11960","역삼디오슈페리움","51.21","20","2011.01","34000"
"11960","역삼디오슈페리움","51.21","20","2011.02","34000"
"11960","역삼디오슈페리움","51.21","20","2011.03","35500"
"11960","역삼디오슈페리움","51.21","20","2011.04","35500"
"11960","역삼디오슈페리움","51.21","20","2011.05","35500"
"11960","역삼디오슈페리움","51.21","20","2011.06","35500"
"11960","역삼디오슈페리움","51.21","20","2011.07","35500"
"11960","역삼디오슈페리움","51.21","20","2011.08","35500"
"11960","역삼디오슈페리움","51.21","20","2011.09","35500"
"11960","역삼디오슈페리움","51.21","20","2011.10","35500"
"11960","역삼디오슈페리움","51.21","20","2011.11","35500"
"11960","역삼디오슈페리움","51.21","20","2011.12","35500"
"11960","역삼디오슈페리움","51.21","20","2012.01","35500"
"11960","역삼디오슈페리움","51.21","20","2012.02","35500"
"11960","역삼디오슈페리움","51.21","20","2012.03","35500"
"11960","역삼디오슈페리움","51.21","20","2012.04","35500"
"11960","역삼디오슈페리움","51.21","20","2012.05","35500"
"11960","역삼디오슈페리움","51.21","20","2012.06","35500"
"11960","역삼디오슈페리움","51.21","20","2012.07","35500"
"11960","역삼디오슈페리움","51.21","20","2012.08","35500"
"11960","역삼디오슈페리움","51.21","20","2012.09","35500"
"11960","역삼디오슈페리움","51.21","20","2012.10","35500"
"11960","역삼디오슈페리움","51.21","20","2012.11","35500"
"11960","역삼디오슈페리움","51.21","20","2012.12","35500"
"11960","역삼디오슈페리움","51.21","20","2013.01","35500"
"11960","역삼디오슈페리움","51.21","20","2013.02","35500"
"11960","역삼디오슈페리움","51.21","20","2013.03","35500"
"11960","역삼디오슈페리움","51.21","20","2013.04","35500"
"11960","역삼디오슈페리움","51.21","20","2013.05","37000"
"11960","역삼디오슈페리움","51.21","20","2013.06","37000"
"11960","역삼디오슈페리움","51.21","20","2013.07","37000"
"11960","역삼디오슈페리움","51.21","20","2013.08","37000"
"11960","역삼디오슈페리움","51.21","20","2013.09","35000"
"11960","역삼디오슈페리움","51.21","20","2013.10","35000"
"11960","역삼디오슈페리움","51.21","20","2013.11","35000"
"11960","역삼디오슈페리움","51.21","20","2013.12","35000"
"11960","역삼디오슈페리움","51.21","20","2014.01","35000"
"11960","역삼디오슈페리움","51.21","20","2014.02","35000"
"11960","역삼디오슈페리움","51.21","20","2014.03","35000"
"11960","역삼디오슈페리움","51.21","20","2014.04","35000"
"11960","역삼디오슈페리움","51.21","20","2014.05","35000"
"11960","역삼디오슈페리움","51.21","20","2014.06","35000"
"11960","역삼디오슈페리움","51.21","20","2014.07","35000"
"11960","역삼디오슈페리움","51.21","20","2014.08","35000"
"11960","역삼디오슈페리움","51.21","20","2014.09","35000"
"11960","역삼디오슈페리움","51.21","20","2014.10","35000"
"11960","역삼디오슈페리움","51.21","20","2014.11","35000"
"11960","역삼디오슈페리움","51.21","20","2014.12","35000"
"11960","역삼디오슈페리움","51.21","20","2015.01","37000"
"11960","역삼디오슈페리움","51.21","20","2015.02","39000"
"11960","역삼디오슈페리움","51.21","20","2015.03","39000"
"11960","역삼디오슈페리움","51.21","20","2015.04","39000"
"11960","역삼디오슈페리움","51.21","20","2015.05","39000"
"11960","역삼디오슈페리움","51.21","20","2015.06","39000"
"11960","역삼디오슈페리움","51.21","20","2015.07","39000"
"11960","역삼디오슈페리움","51.21","20","2015.08","37000"
"11960","역삼디오슈페리움","51.21","20","2015.09","37000"
"11960","역삼디오슈페리움","51.21","20","2015.10","37000"
"11960","역삼디오슈페리움","51.21","20","2015.11","37000"
"11960","역삼디오슈페리움","51.21","20","2015.12","37000"
"11960","역삼디오슈페리움","51.21","20","2016.01","37000"
"11960","역삼디오슈페리움","51.21","20","2016.02","37000"
"11960","역삼디오슈페리움","51.21","20","2016.03","37000"
"11960","역삼디오슈페리움","51.21","20","2016.04","37000"
"11960","역삼디오슈페리움","51.21","20","2016.05","37000"
"11960","역삼디오슈페리움","51.21","20","2016.06","37000"
"11960","역삼디오슈페리움","51.21","20","2016.07","37000"
"11960","역삼디오슈페리움","51.21","20","2016.08","37000"
"11960","역삼디오슈페리움","51.21","20","2016.09","37000"
"11960","역삼디오슈페리움","51.21","20","2016.10","37000"
"11960","역삼디오슈페리움","51.21","20","2016.11","37000"
"11960","역삼디오슈페리움","51.21","20","2016.12","37000"
"11960","역삼디오슈페리움","51.21","20","2017.01","37000"
"11960","역삼디오슈페리움","51.21","20","2017.02","38000"
"11960","역삼디오슈페리움","51.21","20","2017.03","38000"
"11960","역삼디오슈페리움","51.21","20","2017.04","38000"
"11960","역삼디오슈페리움","51.21","20","2017.05","38000"
"11960","역삼디오슈페리움","51.21","20","2017.06","38000"
"11960","역삼디오슈페리움","51.21","20","2017.07","38000"
"11960","역삼디오슈페리움","51.21","20","2017.08","38000"
"11960","역삼디오슈페리움","51.21","20","2017.09","39000"
"11960","역삼디오슈페리움","51.21","20","2017.10","39000"
"11960","역삼디오슈페리움","51.21","20","2017.11","40000"
"11960","역삼디오슈페리움","51.21","20","2017.12","40000"
"11960","역삼디오슈페리움","51.21","20","2018.01","40000"
"11960","역삼디오슈페리움","51.21","20","2018.02","40000"
"11960","역삼디오슈페리움","51.21","20","2018.03","40000"
"11960","역삼디오슈페리움","51.21","20","2018.04","40000"
"11960","역삼디오슈페리움","51.21","20","2018.05","40000"
"11960","역삼디오슈페리움","51.21","20","2018.06","40000"
"11960","역삼디오슈페리움","51.21","20","2018.07","40000"
"11960","역삼디오슈페리움","51.21","20","2018.08","40000"
"11960","역삼디오슈페리움","51.21","20","2018.09","40000"
"11960","역삼디오슈페리움","51.21","20","2018.10","40000"
"11960","역삼디오슈페리움","51.21","20","2018.11","40000"
"11960","역삼디오슈페리움","51.21","20","2018.12","40000"
"11960","역삼디오슈페리움","51.21","20","2019.01","40000"
"11960","역삼디오슈페리움","51.21","20","2019.02","40000"
"11960","역삼디오슈페리움","51.21","20","2019.03","40000"
"11960","역삼디오슈페리움","51.21","20","2019.04","40000"
"11960","역삼디오슈페리움","51.21","20","2019.05","40000"
"11960","역삼디오슈페리움","51.21","20","2019.06","40000"
"11960","역삼디오슈페리움","51.21","20","2019.07","40000"
"11960","역삼디오슈페리움","51.21","20","2019.08","40000"
"11960","역삼디오슈페리움","51.21","20","2019.09","40000"
"11960","역삼디오슈페리움","51.21","20","2019.10","41000"
"11960","역삼디오슈페리움","51.21","20","2019.11","42000"
"11960","역삼디오슈페리움","51.21","20","2019.12","44000"
"11960","역삼디오슈페리움","51.21","20","2020.01","44000"
"11960","역삼디오슈페리움","51.21","20","2020.02","44000"
"11960","역삼디오슈페리움","51.21","20","2020.03","44000"
"11960","역삼디오슈페리움","51.21","20","2020.04","44000"
"11960","역삼디오슈페리움","51.21","20","2020.05","44000"
"11960","역삼디오슈페리움","51.21","20","2020.06","44000"
"11960","역삼디오슈페리움","51.21","20","2020.07","44000"
"11960","역삼디오슈페리움","51.21","20","2020.08","44000"
"11960","역삼디오슈페리움","51.21","20","2020.09","44000"
"11960","역삼디오슈페리움","51.21","20","2020.10","44000"
"11960","역삼디오슈페리움","51.21","20","2020.11","44000"
"11960","역삼디오슈페리움","51.21","20","2020.12","44000"
"11960","역삼디오슈페리움","51.21","20","2021.01","44000"
"11970","역삼 푸르지오 시티","31.94","54","2017.11","36750"
"11970","역삼 푸르지오 시티","31.94","54","2017.12","36750"
"11970","역삼 푸르지오 시티","31.94","54","2018.01","36750"
"11970","역삼 푸르지오 시티","31.94","54","2018.02","36750"
"11970","역삼 푸르지오 시티","31.94","54","2018.03","36750"
"11970","역삼 푸르지오 시티","31.94","54","2018.04","36750"
"11970","역삼 푸르지오 시티","31.94","54","2018.05","36750"
"11970","역삼 푸르지오 시티","31.94","54","2018.06","36750"
"11970","역삼 푸르지오 시티","31.94","54","2018.07","36750"
"11970","역삼 푸르지오 시티","31.94","54","2018.08","36750"
"11970","역삼 푸르지오 시티","31.94","54","2018.09","36750"
"11970","역삼 푸르지오 시티","31.94","54","2018.10","36750"
"11970","역삼 푸르지오 시티","31.94","54","2018.11","36750"
"11970","역삼 푸르지오 시티","31.94","54","2018.12","36750"
"11970","역삼 푸르지오 시티","31.94","54","2019.01","36750"
"11970","역삼 푸르지오 시티","31.94","54","2019.02","36750"
"11970","역삼 푸르지오 시티","31.94","54","2019.03","36750"
"11970","역삼 푸르지오 시티","31.94","54","2019.04","36750"
"11970","역삼 푸르지오 시티","31.94","54","2019.05","36750"
"11970","역삼 푸르지오 시티","31.94","54","2019.06","36750"
"11970","역삼 푸르지오 시티","31.94","54","2019.07","36500"
"11970","역삼 푸르지오 시티","31.94","54","2019.08","36500"
"11970","역삼 푸르지오 시티","31.94","54","2019.09","36500"
"11970","역삼 푸르지오 시티","31.94","54","2019.10","36500"
"11970","역삼 푸르지오 시티","31.94","54","2019.11","37000"
"11970","역삼 푸르지오 시티","31.94","54","2019.12","37000"
"11970","역삼 푸르지오 시티","31.94","54","2020.01","37000"
"11970","역삼 푸르지오 시티","31.94","54","2020.02","37000"
"11970","역삼 푸르지오 시티","31.94","54","2020.03","37000"
"11970","역삼 푸르지오 시티","31.94","54","2020.04","37000"
"11970","역삼 푸르지오 시티","31.94","54","2020.05","37000"
"11970","역삼 푸르지오 시티","31.94","54","2020.06","37000"
"11970","역삼 푸르지오 시티","31.94","54","2020.07","37000"
"11970","역삼 푸르지오 시티","31.94","54","2020.08","37000"
"11970","역삼 푸르지오 시티","31.94","54","2020.09","37000"
"11970","역삼 푸르지오 시티","31.94","54","2020.10","37000"
"11970","역삼 푸르지오 시티","31.94","54","2020.11","37000"
"11970","역삼 푸르지오 시티","31.94","54","2020.12","37000"
"11970","역삼 푸르지오 시티","31.94","54","2021.01","37000"
"11982","개포 LG자이","170.32","42","2003.06","102630"
"11982","개포 LG자이","170.32","42","2003.07","106630"
"11982","개포 LG자이","170.32","42","2003.08","106630"
"11982","개포 LG자이","170.32","42","2003.09","123753"
"11982","개포 LG자이","170.32","42","2003.10","128815"
"11982","개포 LG자이","170.32","42","2003.11","128815"
"11982","개포 LG자이","170.32","42","2003.12","126315"
"11982","개포 LG자이","170.32","42","2004.01","126315"
"11982","개포 LG자이","170.32","42","2004.02","128815"
"11982","개포 LG자이","170.32","42","2004.03","131315"
"11982","개포 LG자이","170.32","42","2004.04","148500"
"11982","개포 LG자이","170.32","42","2004.05","150000"
"11982","개포 LG자이","170.32","42","2004.06","145000"
"11982","개포 LG자이","170.32","42","2004.07","142500"
"11982","개포 LG자이","170.32","42","2004.08","147500"
"11982","개포 LG자이","170.32","42","2004.09","147500"
"11982","개포 LG자이","170.32","42","2004.10","147500"
"11982","개포 LG자이","170.32","42","2004.11","145000"
"11982","개포 LG자이","170.32","42","2004.12","145000"
"11982","개포 LG자이","170.32","42","2005.01","145000"
"11982","개포 LG자이","170.32","42","2005.02","145000"
"11982","개포 LG자이","170.32","42","2005.03","147500"
"11982","개포 LG자이","170.32","42","2005.04","147500"
"11982","개포 LG자이","170.32","42","2005.05","147500"
"11982","개포 LG자이","170.32","42","2005.06","147500"
"11982","개포 LG자이","170.32","42","2005.07","152500"
"11982","개포 LG자이","170.32","42","2005.08","150000"
"11982","개포 LG자이","170.32","42","2005.09","150000"
"11982","개포 LG자이","170.32","42","2005.10","155000"
"11982","개포 LG자이","170.32","42","2005.11","155000"
"11982","개포 LG자이","170.32","42","2005.12","155000"
"11982","개포 LG자이","170.32","42","2006.01","155000"
"11982","개포 LG자이","170.32","42","2006.02","155000"
"11982","개포 LG자이","170.32","42","2006.03","166500"
"11982","개포 LG자이","170.32","42","2006.04","185000"
"11982","개포 LG자이","170.32","42","2006.05","192500"
"11982","개포 LG자이","170.32","42","2006.06","192500"
"11982","개포 LG자이","170.32","42","2006.07","192500"
"11982","개포 LG자이","170.32","42","2006.08","200000"
"11982","개포 LG자이","170.32","42","2006.09","200000"
"11982","개포 LG자이","170.32","42","2006.10","207500"
"11982","개포 LG자이","170.32","42","2006.11","217500"
"11982","개포 LG자이","170.32","42","2006.12","217500"
"11982","개포 LG자이","170.32","42","2007.01","217500"
"11982","개포 LG자이","170.32","42","2007.02","217500"
"11982","개포 LG자이","170.32","42","2007.03","217500"
"11982","개포 LG자이","170.32","42","2007.04","217500"
"11982","개포 LG자이","170.32","42","2007.05","217500"
"11982","개포 LG자이","170.32","42","2007.06","217500"
"11982","개포 LG자이","170.32","42","2007.07","217500"
"11982","개포 LG자이","170.32","42","2007.08","217500"
"11982","개포 LG자이","170.32","42","2007.09","217500"
"11982","개포 LG자이","170.32","42","2007.10","217500"
"11982","개포 LG자이","170.32","42","2007.11","215000"
"11982","개포 LG자이","170.32","42","2007.12","210000"
"11982","개포 LG자이","170.32","42","2008.01","210000"
"11982","개포 LG자이","170.32","42","2008.02","210000"
"11982","개포 LG자이","170.32","42","2008.03","210000"
"11982","개포 LG자이","170.32","42","2008.04","205000"
"11982","개포 LG자이","170.32","42","2008.05","205000"
"11982","개포 LG자이","170.32","42","2008.06","205000"
"11982","개포 LG자이","170.32","42","2008.07","205000"
"11982","개포 LG자이","170.32","42","2008.08","202500"
"11982","개포 LG자이","170.32","42","2008.09","200000"
"11982","개포 LG자이","170.32","42","2008.10","200000"
"11982","개포 LG자이","170.32","42","2008.11","192500"
"11982","개포 LG자이","170.32","42","2008.12","190000"
"11982","개포 LG자이","170.32","42","2009.01","190000"
"11982","개포 LG자이","170.32","42","2009.02","185000"
"11982","개포 LG자이","170.32","42","2009.03","185000"
"11982","개포 LG자이","170.32","42","2009.04","185000"
"11982","개포 LG자이","170.32","42","2009.05","185000"
"11982","개포 LG자이","170.32","42","2009.06","185000"
"11982","개포 LG자이","170.32","42","2009.07","185000"
"11982","개포 LG자이","170.32","42","2009.08","185000"
"11982","개포 LG자이","170.32","42","2009.09","185000"
"11982","개포 LG자이","170.32","42","2009.10","185000"
"11982","개포 LG자이","170.32","42","2009.11","182500"
"11982","개포 LG자이","170.32","42","2009.12","182500"
"11982","개포 LG자이","170.32","42","2010.01","182500"
"11982","개포 LG자이","170.32","42","2010.02","182500"
"11982","개포 LG자이","170.32","42","2010.03","180000"
"11982","개포 LG자이","170.32","42","2010.04","177500"
"11982","개포 LG자이","170.32","42","2010.05","172500"
"11982","개포 LG자이","170.32","42","2010.06","167500"
"11982","개포 LG자이","170.32","42","2010.07","167500"
"11982","개포 LG자이","170.32","42","2010.08","167500"
"11982","개포 LG자이","170.32","42","2010.09","167500"
"11982","개포 LG자이","170.32","42","2010.10","167500"
"11982","개포 LG자이","170.32","42","2010.11","167500"
"11982","개포 LG자이","170.32","42","2010.12","167500"
"11982","개포 LG자이","170.32","42","2011.01","167500"
"11982","개포 LG자이","170.32","42","2011.02","167500"
"11982","개포 LG자이","170.32","42","2011.03","167500"
"11982","개포 LG자이","170.32","42","2011.04","167500"
"11982","개포 LG자이","170.32","42","2011.05","167500"
"11982","개포 LG자이","170.32","42","2011.06","162500"
"11982","개포 LG자이","170.32","42","2011.07","162500"
"11982","개포 LG자이","170.32","42","2011.08","162500"
"11982","개포 LG자이","170.32","42","2011.09","162500"
"11982","개포 LG자이","170.32","42","2011.10","162500"
"11982","개포 LG자이","170.32","42","2011.11","162500"
"11982","개포 LG자이","170.32","42","2011.12","162500"
"11982","개포 LG자이","170.32","42","2012.01","160000"
"11982","개포 LG자이","170.32","42","2012.02","157500"
"11982","개포 LG자이","170.32","42","2012.03","155000"
"11982","개포 LG자이","170.32","42","2012.04","155000"
"11982","개포 LG자이","170.32","42","2012.05","155000"
"11982","개포 LG자이","170.32","42","2012.06","155000"
"11982","개포 LG자이","170.32","42","2012.07","155000"
"11982","개포 LG자이","170.32","42","2012.08","155000"
"11982","개포 LG자이","170.32","42","2012.09","155000"
"11982","개포 LG자이","170.32","42","2012.10","155000"
"11982","개포 LG자이","170.32","42","2012.11","152500"
"11982","개포 LG자이","170.32","42","2012.12","147500"
"11982","개포 LG자이","170.32","42","2013.01","147500"
"11982","개포 LG자이","170.32","42","2013.02","142500"
"11982","개포 LG자이","170.32","42","2013.03","142500"
"11982","개포 LG자이","170.32","42","2013.04","142500"
"11982","개포 LG자이","170.32","42","2013.05","142500"
"11982","개포 LG자이","170.32","42","2013.06","142500"
"11982","개포 LG자이","170.32","42","2013.07","142500"
"11982","개포 LG자이","170.32","42","2013.08","142500"
"11982","개포 LG자이","170.32","42","2013.09","142500"
"11982","개포 LG자이","170.32","42","2013.10","142500"
"11982","개포 LG자이","170.32","42","2013.11","142500"
"11982","개포 LG자이","170.32","42","2013.12","142500"
"11982","개포 LG자이","170.32","42","2014.01","137500"
"11982","개포 LG자이","170.32","42","2014.02","135000"
"11982","개포 LG자이","170.32","42","2014.03","135000"
"11982","개포 LG자이","170.32","42","2014.04","135000"
"11982","개포 LG자이","170.32","42","2014.05","132500"
"11982","개포 LG자이","170.32","42","2014.06","132500"
"11982","개포 LG자이","170.32","42","2014.07","132500"
"11982","개포 LG자이","170.32","42","2014.08","132500"
"11982","개포 LG자이","170.32","42","2014.09","132500"
"11982","개포 LG자이","170.32","42","2014.10","132500"
"11982","개포 LG자이","170.32","42","2014.11","130000"
"11982","개포 LG자이","170.32","42","2014.12","130000"
"11982","개포 LG자이","170.32","42","2015.01","130000"
"11982","개포 LG자이","170.32","42","2015.02","130000"
"11982","개포 LG자이","170.32","42","2015.03","130000"
"11982","개포 LG자이","170.32","42","2015.04","130000"
"11982","개포 LG자이","170.32","42","2015.05","130000"
"11982","개포 LG자이","170.32","42","2015.06","130000"
"11982","개포 LG자이","170.32","42","2015.07","135000"
"11982","개포 LG자이","170.32","42","2015.08","135000"
"11982","개포 LG자이","170.32","42","2015.09","135000"
"11982","개포 LG자이","170.32","42","2015.10","140000"
"11982","개포 LG자이","170.32","42","2015.11","140000"
"11982","개포 LG자이","170.32","42","2015.12","140000"
"11982","개포 LG자이","170.32","42","2016.01","140000"
"11982","개포 LG자이","170.32","42","2016.02","140000"
"11982","개포 LG자이","170.32","42","2016.03","140000"
"11982","개포 LG자이","170.32","42","2016.04","140000"
"11982","개포 LG자이","170.32","42","2016.05","140000"
"11982","개포 LG자이","170.32","42","2016.06","140000"
"11982","개포 LG자이","170.32","42","2016.07","140000"
"11982","개포 LG자이","170.32","42","2016.08","140000"
"11982","개포 LG자이","170.32","42","2016.09","140000"
"11982","개포 LG자이","170.32","42","2016.10","145000"
"11982","개포 LG자이","170.32","42","2016.11","145000"
"11982","개포 LG자이","170.32","42","2016.12","140000"
"11982","개포 LG자이","170.32","42","2017.01","140000"
"11982","개포 LG자이","170.32","42","2017.02","140000"
"11982","개포 LG자이","170.32","42","2017.03","140000"
"11982","개포 LG자이","170.32","42","2017.04","140000"
"11982","개포 LG자이","170.32","42","2017.05","142500"
"11982","개포 LG자이","170.32","42","2017.06","142500"
"11982","개포 LG자이","170.32","42","2017.07","142500"
"11982","개포 LG자이","170.32","42","2017.08","142500"
"11982","개포 LG자이","170.32","42","2017.09","142500"
"11982","개포 LG자이","170.32","42","2017.10","142500"
"11982","개포 LG자이","170.32","42","2017.11","142500"
"11982","개포 LG자이","170.32","42","2017.12","142500"
"11982","개포 LG자이","170.32","42","2018.01","142500"
"11982","개포 LG자이","170.32","42","2018.02","147500"
"11982","개포 LG자이","170.32","42","2018.03","155000"
"11982","개포 LG자이","170.32","42","2018.04","160000"
"11982","개포 LG자이","170.32","42","2018.05","162500"
"11982","개포 LG자이","170.32","42","2018.06","162500"
"11982","개포 LG자이","170.32","42","2018.07","162500"
"11982","개포 LG자이","170.32","42","2018.08","167500"
"11982","개포 LG자이","170.32","42","2018.09","175000"
"11982","개포 LG자이","170.32","42","2018.10","190000"
"11982","개포 LG자이","170.32","42","2018.11","190000"
"11982","개포 LG자이","170.32","42","2018.12","190000"
"11982","개포 LG자이","170.32","42","2019.01","190000"
"11982","개포 LG자이","170.32","42","2019.02","190000"
"11982","개포 LG자이","170.32","42","2019.03","190000"
"11982","개포 LG자이","170.32","42","2019.04","190000"
"11982","개포 LG자이","170.32","42","2019.05","190000"
"11982","개포 LG자이","170.32","42","2019.06","197500"
"11982","개포 LG자이","170.32","42","2019.07","200000"
"11982","개포 LG자이","170.32","42","2019.08","200000"
"11982","개포 LG자이","170.32","42","2019.09","200000"
"11982","개포 LG자이","170.32","42","2019.10","200000"
"11982","개포 LG자이","170.32","42","2019.11","204000"
"11982","개포 LG자이","170.32","42","2019.12","207500"
"11982","개포 LG자이","170.32","42","2020.01","207500"
"11982","개포 LG자이","170.32","42","2020.02","207500"
"11982","개포 LG자이","170.32","42","2020.03","215000"
"11982","개포 LG자이","170.32","42","2020.04","215000"
"11982","개포 LG자이","170.32","42","2020.05","215000"
"11982","개포 LG자이","170.32","42","2020.06","215000"
"11982","개포 LG자이","170.32","42","2020.07","215000"
"11982","개포 LG자이","170.32","42","2020.08","235000"
"11982","개포 LG자이","170.32","42","2020.09","240000"
"11982","개포 LG자이","170.32","42","2020.10","245000"
"11982","개포 LG자이","170.32","42","2020.11","245000"
"11982","개포 LG자이","170.32","42","2020.12","250000"
"11982","개포 LG자이","170.32","42","2021.01","250000"
"12040","경남 1차","166.48","48","2003.06","93000"
"12040","경남 1차","166.48","48","2003.07","93500"
"12040","경남 1차","166.48","48","2003.08","97500"
"12040","경남 1차","166.48","48","2003.09","105000"
"12040","경남 1차","166.48","48","2003.10","115000"
"12040","경남 1차","166.48","48","2003.11","119000"
"12040","경남 1차","166.48","48","2003.12","119000"
"12040","경남 1차","166.48","48","2004.01","119000"
"12040","경남 1차","166.48","48","2004.02","119500"
"12040","경남 1차","166.48","48","2004.03","122500"
"12040","경남 1차","166.48","48","2004.04","122500"
"12040","경남 1차","166.48","48","2004.05","122500"
"12040","경남 1차","166.48","48","2004.06","122500"
"12040","경남 1차","166.48","48","2004.07","122500"
"12040","경남 1차","166.48","48","2004.08","122500"
"12040","경남 1차","166.48","48","2004.09","122500"
"12040","경남 1차","166.48","48","2004.10","121500"
"12040","경남 1차","166.48","48","2004.11","119000"
"12040","경남 1차","166.48","48","2004.12","118000"
"12040","경남 1차","166.48","48","2005.01","120000"
"12040","경남 1차","166.48","48","2005.02","120000"
"12040","경남 1차","166.48","48","2005.03","121000"
"12040","경남 1차","166.48","48","2005.04","127500"
"12040","경남 1차","166.48","48","2005.05","136500"
"12040","경남 1차","166.48","48","2005.06","145000"
"12040","경남 1차","166.48","48","2005.07","145000"
"12040","경남 1차","166.48","48","2005.08","145000"
"12040","경남 1차","166.48","48","2005.09","142500"
"12040","경남 1차","166.48","48","2005.10","141000"
"12040","경남 1차","166.48","48","2005.11","142500"
"12040","경남 1차","166.48","48","2005.12","142500"
"12040","경남 1차","166.48","48","2006.01","149000"
"12040","경남 1차","166.48","48","2006.02","157500"
"12040","경남 1차","166.48","48","2006.03","180000"
"12040","경남 1차","166.48","48","2006.04","190000"
"12040","경남 1차","166.48","48","2006.05","190000"
"12040","경남 1차","166.48","48","2006.06","190000"
"12040","경남 1차","166.48","48","2006.07","190000"
"12040","경남 1차","166.48","48","2006.08","190000"
"12040","경남 1차","166.48","48","2006.09","190000"
"12040","경남 1차","166.48","48","2006.10","197500"
"12040","경남 1차","166.48","48","2006.11","205000"
"12040","경남 1차","166.48","48","2006.12","205000"
"12040","경남 1차","166.48","48","2007.01","205000"
"12040","경남 1차","166.48","48","2007.02","205000"
"12040","경남 1차","166.48","48","2007.03","205000"
"12040","경남 1차","166.48","48","2007.04","203500"
"12040","경남 1차","166.48","48","2007.05","203500"
"12040","경남 1차","166.48","48","2007.06","203500"
"12040","경남 1차","166.48","48","2007.07","203500"
"12040","경남 1차","166.48","48","2007.08","203500"
"12040","경남 1차","166.48","48","2007.09","203500"
"12040","경남 1차","166.48","48","2007.10","203500"
"12040","경남 1차","166.48","48","2007.11","203500"
"12040","경남 1차","166.48","48","2007.12","203500"
"12040","경남 1차","166.48","48","2008.01","197000"
"12040","경남 1차","166.48","48","2008.02","197000"
"12040","경남 1차","166.48","48","2008.03","197000"
"12040","경남 1차","166.48","48","2008.04","197000"
"12040","경남 1차","166.48","48","2008.05","197000"
"12040","경남 1차","166.48","48","2008.06","197000"
"12040","경남 1차","166.48","48","2008.07","194000"
"12040","경남 1차","166.48","48","2008.08","192500"
"12040","경남 1차","166.48","48","2008.09","192500"
"12040","경남 1차","166.48","48","2008.10","180000"
"12040","경남 1차","166.48","48","2008.11","179500"
"12040","경남 1차","166.48","48","2008.12","175000"
"12040","경남 1차","166.48","48","2009.01","175000"
"12040","경남 1차","166.48","48","2009.02","175000"
"12040","경남 1차","166.48","48","2009.03","175000"
"12040","경남 1차","166.48","48","2009.04","175000"
"12040","경남 1차","166.48","48","2009.05","175000"
"12040","경남 1차","166.48","48","2009.06","175000"
"12040","경남 1차","166.48","48","2009.07","175500"
"12040","경남 1차","166.48","48","2009.08","175500"
"12040","경남 1차","166.48","48","2009.09","175500"
"12040","경남 1차","166.48","48","2009.10","175500"
"12040","경남 1차","166.48","48","2009.11","175000"
"12040","경남 1차","166.48","48","2009.12","175000"
"12040","경남 1차","166.48","48","2010.01","174500"
"12040","경남 1차","166.48","48","2010.02","174500"
"12040","경남 1차","166.48","48","2010.03","174500"
"12040","경남 1차","166.48","48","2010.04","174500"
"12040","경남 1차","166.48","48","2010.05","171500"
"12040","경남 1차","166.48","48","2010.06","171500"
"12040","경남 1차","166.48","48","2010.07","171500"
"12040","경남 1차","166.48","48","2010.08","171500"
"12040","경남 1차","166.48","48","2010.09","171500"
"12040","경남 1차","166.48","48","2010.10","171500"
"12040","경남 1차","166.48","48","2010.11","171500"
"12040","경남 1차","166.48","48","2010.12","171500"
"12040","경남 1차","166.48","48","2011.01","171500"
"12040","경남 1차","166.48","48","2011.02","170000"
"12040","경남 1차","166.48","48","2011.03","170000"
"12040","경남 1차","166.48","48","2011.04","170000"
"12040","경남 1차","166.48","48","2011.05","170000"
"12040","경남 1차","166.48","48","2011.06","170000"
"12040","경남 1차","166.48","48","2011.07","170000"
"12040","경남 1차","166.48","48","2011.08","158000"
"12040","경남 1차","166.48","48","2011.09","158000"
"12040","경남 1차","166.48","48","2011.10","158000"
"12040","경남 1차","166.48","48","2011.11","158000"
"12040","경남 1차","166.48","48","2011.12","158000"
"12040","경남 1차","166.48","48","2012.01","158000"
"12040","경남 1차","166.48","48","2012.02","158000"
"12040","경남 1차","166.48","48","2012.03","157500"
"12040","경남 1차","166.48","48","2012.04","157500"
"12040","경남 1차","166.48","48","2012.05","157500"
"12040","경남 1차","166.48","48","2012.06","157500"
"12040","경남 1차","166.48","48","2012.07","157500"
"12040","경남 1차","166.48","48","2012.08","157500"
"12040","경남 1차","166.48","48","2012.09","157500"
"12040","경남 1차","166.48","48","2012.10","157500"
"12040","경남 1차","166.48","48","2012.11","157500"
"12040","경남 1차","166.48","48","2012.12","157500"
"12040","경남 1차","166.48","48","2013.01","142000"
"12040","경남 1차","166.48","48","2013.02","141000"
"12040","경남 1차","166.48","48","2013.03","141000"
"12040","경남 1차","166.48","48","2013.04","141000"
"12040","경남 1차","166.48","48","2013.05","139500"
"12040","경남 1차","166.48","48","2013.06","137500"
"12040","경남 1차","166.48","48","2013.07","137500"
"12040","경남 1차","166.48","48","2013.08","134000"
"12040","경남 1차","166.48","48","2013.09","134000"
"12040","경남 1차","166.48","48","2013.10","134000"
"12040","경남 1차","166.48","48","2013.11","133500"
"12040","경남 1차","166.48","48","2013.12","133500"
"12040","경남 1차","166.48","48","2014.01","133500"
"12040","경남 1차","166.48","48","2014.02","133500"
"12040","경남 1차","166.48","48","2014.03","131000"
"12040","경남 1차","166.48","48","2014.04","131000"
"12040","경남 1차","166.48","48","2014.05","131000"
"12040","경남 1차","166.48","48","2014.06","131000"
"12040","경남 1차","166.48","48","2014.07","131000"
"12040","경남 1차","166.48","48","2014.08","132500"
"12040","경남 1차","166.48","48","2014.09","132500"
"12040","경남 1차","166.48","48","2014.10","132500"
"12040","경남 1차","166.48","48","2014.11","132500"
"12040","경남 1차","166.48","48","2014.12","132500"
"12040","경남 1차","166.48","48","2015.01","132500"
"12040","경남 1차","166.48","48","2015.02","132500"
"12040","경남 1차","166.48","48","2015.03","132500"
"12040","경남 1차","166.48","48","2015.04","132500"
"12040","경남 1차","166.48","48","2015.05","135000"
"12040","경남 1차","166.48","48","2015.06","135000"
"12040","경남 1차","166.48","48","2015.07","142500"
"12040","경남 1차","166.48","48","2015.08","142500"
"12040","경남 1차","166.48","48","2015.09","142500"
"12040","경남 1차","166.48","48","2015.10","145000"
"12040","경남 1차","166.48","48","2015.11","145000"
"12040","경남 1차","166.48","48","2015.12","145000"
"12040","경남 1차","166.48","48","2016.01","145000"
"12040","경남 1차","166.48","48","2016.02","145000"
"12040","경남 1차","166.48","48","2016.03","145000"
"12040","경남 1차","166.48","48","2016.04","150000"
"12040","경남 1차","166.48","48","2016.05","152500"
"12040","경남 1차","166.48","48","2016.06","152500"
"12040","경남 1차","166.48","48","2016.07","154000"
"12040","경남 1차","166.48","48","2016.08","159000"
"12040","경남 1차","166.48","48","2016.09","159000"
"12040","경남 1차","166.48","48","2016.10","159000"
"12040","경남 1차","166.48","48","2016.11","159000"
"12040","경남 1차","166.48","48","2016.12","159000"
"12040","경남 1차","166.48","48","2017.01","159000"
"12040","경남 1차","166.48","48","2017.02","159000"
"12040","경남 1차","166.48","48","2017.03","163000"
"12040","경남 1차","166.48","48","2017.04","163000"
"12040","경남 1차","166.48","48","2017.05","165500"
"12040","경남 1차","166.48","48","2017.06","165500"
"12040","경남 1차","166.48","48","2017.07","170000"
"12040","경남 1차","166.48","48","2017.08","175000"
"12040","경남 1차","166.48","48","2017.09","177500"
"12040","경남 1차","166.48","48","2017.10","180000"
"12040","경남 1차","166.48","48","2017.11","182500"
"12040","경남 1차","166.48","48","2017.12","182500"
"12040","경남 1차","166.48","48","2018.01","182500"
"12040","경남 1차","166.48","48","2018.02","187500"
"12040","경남 1차","166.48","48","2018.03","215000"
"12040","경남 1차","166.48","48","2018.04","215000"
"12040","경남 1차","166.48","48","2018.05","215000"
"12040","경남 1차","166.48","48","2018.06","215000"
"12040","경남 1차","166.48","48","2018.07","215000"
"12040","경남 1차","166.48","48","2018.08","225000"
"12040","경남 1차","166.48","48","2018.09","230000"
"12040","경남 1차","166.48","48","2018.10","232500"
"12040","경남 1차","166.48","48","2018.11","232500"
"12040","경남 1차","166.48","48","2018.12","232500"
"12040","경남 1차","166.48","48","2019.01","232500"
"12040","경남 1차","166.48","48","2019.02","227500"
"12040","경남 1차","166.48","48","2019.03","227500"
"12040","경남 1차","166.48","48","2019.04","222500"
"12040","경남 1차","166.48","48","2019.05","227500"
"12040","경남 1차","166.48","48","2019.06","227500"
"12040","경남 1차","166.48","48","2019.07","235000"
"12040","경남 1차","166.48","48","2019.08","245000"
"12040","경남 1차","166.48","48","2019.09","245000"
"12040","경남 1차","166.48","48","2019.10","248500"
"12040","경남 1차","166.48","48","2019.11","248500"
"12040","경남 1차","166.48","48","2019.12","248500"
"12040","경남 1차","166.48","48","2020.01","248500"
"12040","경남 1차","166.48","48","2020.02","248500"
"12040","경남 1차","166.48","48","2020.03","251000"
"12040","경남 1차","166.48","48","2020.04","251000"
"12040","경남 1차","166.48","48","2020.05","250000"
"12040","경남 1차","166.48","48","2020.06","250000"
"12040","경남 1차","166.48","48","2020.07","272500"
"12040","경남 1차","166.48","48","2020.08","277500"
"12040","경남 1차","166.48","48","2020.09","290000"
"12040","경남 1차","166.48","48","2020.10","290000"
"12040","경남 1차","166.48","48","2020.11","290000"
"12040","경남 1차","166.48","48","2020.12","290000"
"12040","경남 1차","166.48","48","2021.01","290000"
"12611","한양 2차","175.92","144","2003.06","107000"
"12611","한양 2차","175.92","144","2003.07","110000"
"12611","한양 2차","175.92","144","2003.08","114000"
"12611","한양 2차","175.92","144","2003.09","120000"
"12611","한양 2차","175.92","144","2003.10","122500"
"12611","한양 2차","175.92","144","2003.11","122000"
"12611","한양 2차","175.92","144","2003.12","121500"
"12611","한양 2차","175.92","144","2004.01","121500"
"12611","한양 2차","175.92","144","2004.02","124000"
"12611","한양 2차","175.92","144","2004.03","126000"
"12611","한양 2차","175.92","144","2004.04","127500"
"12611","한양 2차","175.92","144","2004.05","128000"
"12611","한양 2차","175.92","144","2004.06","128000"
"12611","한양 2차","175.92","144","2004.07","128000"
"12611","한양 2차","175.92","144","2004.08","128000"
"12611","한양 2차","175.92","144","2004.09","128000"
"12611","한양 2차","175.92","144","2004.10","126000"
"12611","한양 2차","175.92","144","2004.11","125500"
"12611","한양 2차","175.92","144","2004.12","125500"
"12611","한양 2차","175.92","144","2005.01","125500"
"12611","한양 2차","175.92","144","2005.02","127000"
"12611","한양 2차","175.92","144","2005.03","132000"
"12611","한양 2차","175.92","144","2005.04","134500"
"12611","한양 2차","175.92","144","2005.05","134500"
"12611","한양 2차","175.92","144","2005.06","146500"
"12611","한양 2차","175.92","144","2005.07","162500"
"12611","한양 2차","175.92","144","2005.08","162500"
"12611","한양 2차","175.92","144","2005.09","162500"
"12611","한양 2차","175.92","144","2005.10","162500"
"12611","한양 2차","175.92","144","2005.11","164000"
"12611","한양 2차","175.92","144","2005.12","173000"
"12611","한양 2차","175.92","144","2006.01","187000"
"12611","한양 2차","175.92","144","2006.02","189500"
"12611","한양 2차","175.92","144","2006.03","197000"
"12611","한양 2차","175.92","144","2006.04","201500"
"12611","한양 2차","175.92","144","2006.05","207000"
"12611","한양 2차","175.92","144","2006.06","207000"
"12611","한양 2차","175.92","144","2006.07","207000"
"12611","한양 2차","175.92","144","2006.08","207000"
"12611","한양 2차","175.92","144","2006.09","208500"
"12611","한양 2차","175.92","144","2006.10","222500"
"12611","한양 2차","175.92","144","2006.11","237500"
"12611","한양 2차","175.92","144","2006.12","237500"
"12611","한양 2차","175.92","144","2007.01","237500"
"12611","한양 2차","175.92","144","2007.02","237500"
"12611","한양 2차","175.92","144","2007.03","237500"
"12611","한양 2차","175.92","144","2007.04","235000"
"12611","한양 2차","175.92","144","2007.05","235000"
"12611","한양 2차","175.92","144","2007.06","235000"
"12611","한양 2차","175.92","144","2007.07","237000"
"12611","한양 2차","175.92","144","2007.08","237000"
"12611","한양 2차","175.92","144","2007.09","237000"
"12611","한양 2차","175.92","144","2007.10","237750"
"12611","한양 2차","175.92","144","2007.11","237750"
"12611","한양 2차","175.92","144","2007.12","237750"
"12611","한양 2차","175.92","144","2008.01","237750"
"12611","한양 2차","175.92","144","2008.02","237750"
"12611","한양 2차","175.92","144","2008.03","237750"
"12611","한양 2차","175.92","144","2008.04","237750"
"12611","한양 2차","175.92","144","2008.05","237750"
"12611","한양 2차","175.92","144","2008.06","237750"
"12611","한양 2차","175.92","144","2008.07","237750"
"12611","한양 2차","175.92","144","2008.08","237750"
"12611","한양 2차","175.92","144","2008.09","237750"
"12611","한양 2차","175.92","144","2008.10","237750"
"12611","한양 2차","175.92","144","2008.11","237750"
"12611","한양 2차","175.92","144","2008.12","237750"
"12611","한양 2차","175.92","144","2009.01","237750"
"12611","한양 2차","175.92","144","2009.02","237750"
"12611","한양 2차","175.92","144","2009.03","237750"
"12611","한양 2차","175.92","144","2009.04","237750"
"12611","한양 2차","175.92","144","2009.05","237750"
"12611","한양 2차","175.92","144","2009.06","232750"
"12611","한양 2차","175.92","144","2009.07","232750"
"12611","한양 2차","175.92","144","2009.08","232750"
"12611","한양 2차","175.92","144","2009.09","235250"
"12611","한양 2차","175.92","144","2009.10","235250"
"12611","한양 2차","175.92","144","2009.11","235250"
"12611","한양 2차","175.92","144","2009.12","236000"
"12611","한양 2차","175.92","144","2010.01","236000"
"12611","한양 2차","175.92","144","2010.02","236000"
"12611","한양 2차","175.92","144","2010.03","236000"
"12611","한양 2차","175.92","144","2010.04","236000"
"12611","한양 2차","175.92","144","2010.05","235000"
"12611","한양 2차","175.92","144","2010.06","235000"
"12611","한양 2차","175.92","144","2010.07","235000"
"12611","한양 2차","175.92","144","2010.08","235000"
"12611","한양 2차","175.92","144","2010.09","232500"
"12611","한양 2차","175.92","144","2010.10","232500"
"12611","한양 2차","175.92","144","2010.11","232500"
"12611","한양 2차","175.92","144","2010.12","232500"
"12611","한양 2차","175.92","144","2011.01","232500"
"12611","한양 2차","175.92","144","2011.02","232500"
"12611","한양 2차","175.92","144","2011.03","232500"
"12611","한양 2차","175.92","144","2011.04","232500"
"12611","한양 2차","175.92","144","2011.05","232500"
"12611","한양 2차","175.92","144","2011.06","232500"
"12611","한양 2차","175.92","144","2011.07","232500"
"12611","한양 2차","175.92","144","2011.08","232500"
"12611","한양 2차","175.92","144","2011.09","232500"
"12611","한양 2차","175.92","144","2011.10","232500"
"12611","한양 2차","175.92","144","2011.11","230000"
"12611","한양 2차","175.92","144","2011.12","230000"
"12611","한양 2차","175.92","144","2012.01","229000"
"12611","한양 2차","175.92","144","2012.02","227500"
"12611","한양 2차","175.92","144","2012.03","227500"
"12611","한양 2차","175.92","144","2012.04","215000"
"12611","한양 2차","175.92","144","2012.05","215000"
"12611","한양 2차","175.92","144","2012.06","215000"
"12611","한양 2차","175.92","144","2012.07","212500"
"12611","한양 2차","175.92","144","2012.08","207500"
"12611","한양 2차","175.92","144","2012.09","207500"
"12611","한양 2차","175.92","144","2012.10","207500"
"12611","한양 2차","175.92","144","2012.11","205000"
"12611","한양 2차","175.92","144","2012.12","205000"
"12611","한양 2차","175.92","144","2013.01","195000"
"12611","한양 2차","175.92","144","2013.02","195000"
"12611","한양 2차","175.92","144","2013.03","195000"
"12611","한양 2차","175.92","144","2013.04","195000"
"12611","한양 2차","175.92","144","2013.05","195000"
"12611","한양 2차","175.92","144","2013.06","195000"
"12611","한양 2차","175.92","144","2013.07","195000"
"12611","한양 2차","175.92","144","2013.08","195000"
"12611","한양 2차","175.92","144","2013.09","195000"
"12611","한양 2차","175.92","144","2013.10","195000"
"12611","한양 2차","175.92","144","2013.11","195000"
"12611","한양 2차","175.92","144","2013.12","195000"
"12611","한양 2차","175.92","144","2014.01","196000"
"12611","한양 2차","175.92","144","2014.02","196000"
"12611","한양 2차","175.92","144","2014.03","198500"
"12611","한양 2차","175.92","144","2014.04","197500"
"12611","한양 2차","175.92","144","2014.05","197500"
"12611","한양 2차","175.92","144","2014.06","197500"
"12611","한양 2차","175.92","144","2014.07","200000"
"12611","한양 2차","175.92","144","2014.08","201000"
"12611","한양 2차","175.92","144","2014.09","201000"
"12611","한양 2차","175.92","144","2014.10","201000"
"12611","한양 2차","175.92","144","2014.11","201000"
"12611","한양 2차","175.92","144","2014.12","201000"
"12611","한양 2차","175.92","144","2015.01","201000"
"12611","한양 2차","175.92","144","2015.02","201000"
"12611","한양 2차","175.92","144","2015.03","210000"
"12611","한양 2차","175.92","144","2015.04","212500"
"12611","한양 2차","175.92","144","2015.05","216500"
"12611","한양 2차","175.92","144","2015.06","216500"
"12611","한양 2차","175.92","144","2015.07","216500"
"12611","한양 2차","175.92","144","2015.08","217500"
"12611","한양 2차","175.92","144","2015.09","217500"
"12611","한양 2차","175.92","144","2015.10","222500"
"12611","한양 2차","175.92","144","2015.11","224000"
"12611","한양 2차","175.92","144","2015.12","224000"
"12611","한양 2차","175.92","144","2016.01","224000"
"12611","한양 2차","175.92","144","2016.02","224000"
"12611","한양 2차","175.92","144","2016.03","224000"
"12611","한양 2차","175.92","144","2016.04","224000"
"12611","한양 2차","175.92","144","2016.05","226500"
"12611","한양 2차","175.92","144","2016.06","230500"
"12611","한양 2차","175.92","144","2016.07","230500"
"12611","한양 2차","175.92","144","2016.08","230500"
"12611","한양 2차","175.92","144","2016.09","231500"
"12611","한양 2차","175.92","144","2016.10","234000"
"12611","한양 2차","175.92","144","2016.11","240000"
"12611","한양 2차","175.92","144","2016.12","250000"
"12611","한양 2차","175.92","144","2017.01","250000"
"12611","한양 2차","175.92","144","2017.02","250000"
"12611","한양 2차","175.92","144","2017.03","250000"
"12611","한양 2차","175.92","144","2017.04","252500"
"12611","한양 2차","175.92","144","2017.05","252500"
"12611","한양 2차","175.92","144","2017.06","252500"
"12611","한양 2차","175.92","144","2017.07","285000"
"12611","한양 2차","175.92","144","2017.08","285000"
"12611","한양 2차","175.92","144","2017.09","285000"
"12611","한양 2차","175.92","144","2017.10","290000"
"12611","한양 2차","175.92","144","2017.11","290000"
"12611","한양 2차","175.92","144","2017.12","297500"
"12611","한양 2차","175.92","144","2018.01","310000"
"12611","한양 2차","175.92","144","2018.02","322500"
"12611","한양 2차","175.92","144","2018.03","322500"
"12611","한양 2차","175.92","144","2018.04","322500"
"12611","한양 2차","175.92","144","2018.05","322500"
"12611","한양 2차","175.92","144","2018.06","322500"
"12611","한양 2차","175.92","144","2018.07","322500"
"12611","한양 2차","175.92","144","2018.08","322500"
"12611","한양 2차","175.92","144","2018.09","322500"
"12611","한양 2차","175.92","144","2018.10","335000"
"12611","한양 2차","175.92","144","2018.11","335000"
"12611","한양 2차","175.92","144","2018.12","335000"
"12611","한양 2차","175.92","144","2019.01","335000"
"12611","한양 2차","175.92","144","2019.02","335000"
"12611","한양 2차","175.92","144","2019.03","335000"
"12611","한양 2차","175.92","144","2019.04","332500"
"12611","한양 2차","175.92","144","2019.05","332500"
"12611","한양 2차","175.92","144","2019.06","330000"
"12611","한양 2차","175.92","144","2019.07","334000"
"12611","한양 2차","175.92","144","2019.08","334000"
"12611","한양 2차","175.92","144","2019.09","334000"
"12611","한양 2차","175.92","144","2019.10","340000"
"12611","한양 2차","175.92","144","2019.11","340000"
"12611","한양 2차","175.92","144","2019.12","340000"
"12611","한양 2차","175.92","144","2020.01","340000"
"12611","한양 2차","175.92","144","2020.02","340000"
"12611","한양 2차","175.92","144","2020.03","340000"
"12611","한양 2차","175.92","144","2020.04","338500"
"12611","한양 2차","175.92","144","2020.05","338500"
"12611","한양 2차","175.92","144","2020.06","355000"
"12611","한양 2차","175.92","144","2020.07","357500"
"12611","한양 2차","175.92","144","2020.08","357500"
"12611","한양 2차","175.92","144","2020.09","357500"
"12611","한양 2차","175.92","144","2020.10","372500"
"12611","한양 2차","175.92","144","2020.11","382500"
"12611","한양 2차","175.92","144","2020.12","395000"
"12611","한양 2차","175.92","144","2021.01","400000"
"12718","일원 우성 7차","83.69","688","2003.06","51000"
"12718","일원 우성 7차","83.69","688","2003.07","51500"
"12718","일원 우성 7차","83.69","688","2003.08","54500"
"12718","일원 우성 7차","83.69","688","2003.09","62000"
"12718","일원 우성 7차","83.69","688","2003.10","63500"
"12718","일원 우성 7차","83.69","688","2003.11","63500"
"12718","일원 우성 7차","83.69","688","2003.12","65000"
"12718","일원 우성 7차","83.69","688","2004.01","64500"
"12718","일원 우성 7차","83.69","688","2004.02","64000"
"12718","일원 우성 7차","83.69","688","2004.03","64000"
"12718","일원 우성 7차","83.69","688","2004.04","64500"
"12718","일원 우성 7차","83.69","688","2004.05","64250"
"12718","일원 우성 7차","83.69","688","2004.06","63000"
"12718","일원 우성 7차","83.69","688","2004.07","63000"
"12718","일원 우성 7차","83.69","688","2004.08","63000"
"12718","일원 우성 7차","83.69","688","2004.09","62500"
"12718","일원 우성 7차","83.69","688","2004.10","62500"
"12718","일원 우성 7차","83.69","688","2004.11","62000"
"12718","일원 우성 7차","83.69","688","2004.12","60500"
"12718","일원 우성 7차","83.69","688","2005.01","60500"
"12718","일원 우성 7차","83.69","688","2005.02","60500"
"12718","일원 우성 7차","83.69","688","2005.03","60500"
"12718","일원 우성 7차","83.69","688","2005.04","62500"
"12718","일원 우성 7차","83.69","688","2005.05","63000"
"12718","일원 우성 7차","83.69","688","2005.06","69000"
"12718","일원 우성 7차","83.69","688","2005.07","70000"
"12718","일원 우성 7차","83.69","688","2005.08","70000"
"12718","일원 우성 7차","83.69","688","2005.09","70000"
"12718","일원 우성 7차","83.69","688","2005.10","69500"
"12718","일원 우성 7차","83.69","688","2005.11","69500"
"12718","일원 우성 7차","83.69","688","2005.12","70000"
"12718","일원 우성 7차","83.69","688","2006.01","72000"
"12718","일원 우성 7차","83.69","688","2006.02","72000"
"12718","일원 우성 7차","83.69","688","2006.03","76500"
"12718","일원 우성 7차","83.69","688","2006.04","83000"
"12718","일원 우성 7차","83.69","688","2006.05","84000"
"12718","일원 우성 7차","83.69","688","2006.06","84500"
"12718","일원 우성 7차","83.69","688","2006.07","84500"
"12718","일원 우성 7차","83.69","688","2006.08","84000"
"12718","일원 우성 7차","83.69","688","2006.09","84000"
"12718","일원 우성 7차","83.69","688","2006.10","88500"
"12718","일원 우성 7차","83.69","688","2006.11","90000"
"12718","일원 우성 7차","83.69","688","2006.12","91500"
"12718","일원 우성 7차","83.69","688","2007.01","92500"
"12718","일원 우성 7차","83.69","688","2007.02","94000"
"12718","일원 우성 7차","83.69","688","2007.03","94000"
"12718","일원 우성 7차","83.69","688","2007.04","93500"
"12718","일원 우성 7차","83.69","688","2007.05","91500"
"12718","일원 우성 7차","83.69","688","2007.06","91500"
"12718","일원 우성 7차","83.69","688","2007.07","91000"
"12718","일원 우성 7차","83.69","688","2007.08","91000"
"12718","일원 우성 7차","83.69","688","2007.09","91000"
"12718","일원 우성 7차","83.69","688","2007.10","90500"
"12718","일원 우성 7차","83.69","688","2007.11","90500"
"12718","일원 우성 7차","83.69","688","2007.12","90500"
"12718","일원 우성 7차","83.69","688","2008.01","90500"
"12718","일원 우성 7차","83.69","688","2008.02","90500"
"12718","일원 우성 7차","83.69","688","2008.03","90500"
"12718","일원 우성 7차","83.69","688","2008.04","90500"
"12718","일원 우성 7차","83.69","688","2008.05","90500"
"12718","일원 우성 7차","83.69","688","2008.06","89000"
"12718","일원 우성 7차","83.69","688","2008.07","88500"
"12718","일원 우성 7차","83.69","688","2008.08","88500"
"12718","일원 우성 7차","83.69","688","2008.09","88000"
"12718","일원 우성 7차","83.69","688","2008.10","81500"
"12718","일원 우성 7차","83.69","688","2008.11","80000"
"12718","일원 우성 7차","83.69","688","2008.12","78000"
"12718","일원 우성 7차","83.69","688","2009.01","74000"
"12718","일원 우성 7차","83.69","688","2009.02","74000"
"12718","일원 우성 7차","83.69","688","2009.03","73500"
"12718","일원 우성 7차","83.69","688","2009.04","76500"
"12718","일원 우성 7차","83.69","688","2009.05","77000"
"12718","일원 우성 7차","83.69","688","2009.06","79000"
"12718","일원 우성 7차","83.69","688","2009.07","79000"
"12718","일원 우성 7차","83.69","688","2009.08","81500"
"12718","일원 우성 7차","83.69","688","2009.09","82500"
"12718","일원 우성 7차","83.69","688","2009.10","82500"
"12718","일원 우성 7차","83.69","688","2009.11","82500"
"12718","일원 우성 7차","83.69","688","2009.12","82500"
"12718","일원 우성 7차","83.69","688","2010.01","82500"
"12718","일원 우성 7차","83.69","688","2010.02","83000"
"12718","일원 우성 7차","83.69","688","2010.03","83000"
"12718","일원 우성 7차","83.69","688","2010.04","83000"
"12718","일원 우성 7차","83.69","688","2010.05","83000"
"12718","일원 우성 7차","83.69","688","2010.06","82500"
"12718","일원 우성 7차","83.69","688","2010.07","82500"
"12718","일원 우성 7차","83.69","688","2010.08","82500"
"12718","일원 우성 7차","83.69","688","2010.09","82500"
"12718","일원 우성 7차","83.69","688","2010.10","82500"
"12718","일원 우성 7차","83.69","688","2010.11","81500"
"12718","일원 우성 7차","83.69","688","2010.12","81500"
"12718","일원 우성 7차","83.69","688","2011.01","81500"
"12718","일원 우성 7차","83.69","688","2011.02","81500"
"12718","일원 우성 7차","83.69","688","2011.03","81500"
"12718","일원 우성 7차","83.69","688","2011.04","81500"
"12718","일원 우성 7차","83.69","688","2011.05","81500"
"12718","일원 우성 7차","83.69","688","2011.06","81500"
"12718","일원 우성 7차","83.69","688","2011.07","81500"
"12718","일원 우성 7차","83.69","688","2011.08","81500"
"12718","일원 우성 7차","83.69","688","2011.09","81500"
"12718","일원 우성 7차","83.69","688","2011.10","81500"
"12718","일원 우성 7차","83.69","688","2011.11","81500"
"12718","일원 우성 7차","83.69","688","2011.12","81500"
"12718","일원 우성 7차","83.69","688","2012.01","81500"
"12718","일원 우성 7차","83.69","688","2012.02","81500"
"12718","일원 우성 7차","83.69","688","2012.03","80000"
"12718","일원 우성 7차","83.69","688","2012.04","79000"
"12718","일원 우성 7차","83.69","688","2012.05","79000"
"12718","일원 우성 7차","83.69","688","2012.06","78500"
"12718","일원 우성 7차","83.69","688","2012.07","77000"
"12718","일원 우성 7차","83.69","688","2012.08","74500"
"12718","일원 우성 7차","83.69","688","2012.09","74500"
"12718","일원 우성 7차","83.69","688","2012.10","73000"
"12718","일원 우성 7차","83.69","688","2012.11","72500"
"12718","일원 우성 7차","83.69","688","2012.12","71500"
"12718","일원 우성 7차","83.69","688","2013.01","70000"
"12718","일원 우성 7차","83.69","688","2013.02","70000"
"12718","일원 우성 7차","83.69","688","2013.03","70000"
"12718","일원 우성 7차","83.69","688","2013.04","70000"
"12718","일원 우성 7차","83.69","688","2013.05","71000"
"12718","일원 우성 7차","83.69","688","2013.06","71000"
"12718","일원 우성 7차","83.69","688","2013.07","71000"
"12718","일원 우성 7차","83.69","688","2013.08","71000"
"12718","일원 우성 7차","83.69","688","2013.09","70000"
"12718","일원 우성 7차","83.69","688","2013.10","70000"
"12718","일원 우성 7차","83.69","688","2013.11","70000"
"12718","일원 우성 7차","83.69","688","2013.12","70000"
"12718","일원 우성 7차","83.69","688","2014.01","70000"
"12718","일원 우성 7차","83.69","688","2014.02","70000"
"12718","일원 우성 7차","83.69","688","2014.03","70000"
"12718","일원 우성 7차","83.69","688","2014.04","70000"
"12718","일원 우성 7차","83.69","688","2014.05","70000"
"12718","일원 우성 7차","83.69","688","2014.06","70000"
"12718","일원 우성 7차","83.69","688","2014.07","70000"
"12718","일원 우성 7차","83.69","688","2014.08","72000"
"12718","일원 우성 7차","83.69","688","2014.09","73000"
"12718","일원 우성 7차","83.69","688","2014.10","73000"
"12718","일원 우성 7차","83.69","688","2014.11","77500"
"12718","일원 우성 7차","83.69","688","2014.12","77500"
"12718","일원 우성 7차","83.69","688","2015.01","78000"
"12718","일원 우성 7차","83.69","688","2015.02","78000"
"12718","일원 우성 7차","83.69","688","2015.03","81500"
"12718","일원 우성 7차","83.69","688","2015.04","82000"
"12718","일원 우성 7차","83.69","688","2015.05","82000"
"12718","일원 우성 7차","83.69","688","2015.06","85500"
"12718","일원 우성 7차","83.69","688","2015.07","85500"
"12718","일원 우성 7차","83.69","688","2015.08","87000"
"12718","일원 우성 7차","83.69","688","2015.09","87000"
"12718","일원 우성 7차","83.69","688","2015.10","87000"
"12718","일원 우성 7차","83.69","688","2015.11","87000"
"12718","일원 우성 7차","83.69","688","2015.12","87000"
"12718","일원 우성 7차","83.69","688","2016.01","87000"
"12718","일원 우성 7차","83.69","688","2016.02","87000"
"12718","일원 우성 7차","83.69","688","2016.03","87000"
"12718","일원 우성 7차","83.69","688","2016.04","87000"
"12718","일원 우성 7차","83.69","688","2016.05","89000"
"12718","일원 우성 7차","83.69","688","2016.06","91000"
"12718","일원 우성 7차","83.69","688","2016.07","93000"
"12718","일원 우성 7차","83.69","688","2016.08","96000"
"12718","일원 우성 7차","83.69","688","2016.09","107000"
"12718","일원 우성 7차","83.69","688","2016.10","110000"
"12718","일원 우성 7차","83.69","688","2016.11","105000"
"12718","일원 우성 7차","83.69","688","2016.12","104500"
"12718","일원 우성 7차","83.69","688","2017.01","104500"
"12718","일원 우성 7차","83.69","688","2017.02","104000"
"12718","일원 우성 7차","83.69","688","2017.03","105000"
"12718","일원 우성 7차","83.69","688","2017.04","105000"
"12718","일원 우성 7차","83.69","688","2017.05","108500"
"12718","일원 우성 7차","83.69","688","2017.06","118000"
"12718","일원 우성 7차","83.69","688","2017.07","123000"
"12718","일원 우성 7차","83.69","688","2017.08","122500"
"12718","일원 우성 7차","83.69","688","2017.09","122500"
"12718","일원 우성 7차","83.69","688","2017.10","125000"
"12718","일원 우성 7차","83.69","688","2017.11","128500"
"12718","일원 우성 7차","83.69","688","2017.12","133500"
"12718","일원 우성 7차","83.69","688","2018.01","133500"
"12718","일원 우성 7차","83.69","688","2018.02","145000"
"12718","일원 우성 7차","83.69","688","2018.03","145000"
"12718","일원 우성 7차","83.69","688","2018.04","150000"
"12718","일원 우성 7차","83.69","688","2018.05","150000"
"12718","일원 우성 7차","83.69","688","2018.06","149000"
"12718","일원 우성 7차","83.69","688","2018.07","149000"
"12718","일원 우성 7차","83.69","688","2018.08","157500"
"12718","일원 우성 7차","83.69","688","2018.09","157500"
"12718","일원 우성 7차","83.69","688","2018.10","157500"
"12718","일원 우성 7차","83.69","688","2018.11","157500"
"12718","일원 우성 7차","83.69","688","2018.12","157500"
"12718","일원 우성 7차","83.69","688","2019.01","157500"
"12718","일원 우성 7차","83.69","688","2019.02","155000"
"12718","일원 우성 7차","83.69","688","2019.03","152000"
"12718","일원 우성 7차","83.69","688","2019.04","152000"
"12718","일원 우성 7차","83.69","688","2019.05","152000"
"12718","일원 우성 7차","83.69","688","2019.06","152000"
"12718","일원 우성 7차","83.69","688","2019.07","162500"
"12718","일원 우성 7차","83.69","688","2019.08","170500"
"12718","일원 우성 7차","83.69","688","2019.09","170500"
"12718","일원 우성 7차","83.69","688","2019.10","170500"
"12718","일원 우성 7차","83.69","688","2019.11","171500"
"12718","일원 우성 7차","83.69","688","2019.12","175000"
"12718","일원 우성 7차","83.69","688","2020.01","175000"
"12718","일원 우성 7차","83.69","688","2020.02","175000"
"12718","일원 우성 7차","83.69","688","2020.03","175000"
"12718","일원 우성 7차","83.69","688","2020.04","175000"
"12718","일원 우성 7차","83.69","688","2020.05","175000"
"12718","일원 우성 7차","83.69","688","2020.06","181500"
"12718","일원 우성 7차","83.69","688","2020.07","185000"
"12718","일원 우성 7차","83.69","688","2020.08","186000"
"12718","일원 우성 7차","83.69","688","2020.09","190000"
"12718","일원 우성 7차","83.69","688","2020.10","197500"
"12718","일원 우성 7차","83.69","688","2020.11","200000"
"12718","일원 우성 7차","83.69","688","2020.12","202500"
"12718","일원 우성 7차","83.69","688","2021.01","205000"
